Open time,Open,High,Low,Close,Volume,Close time,Quote asset volume,Number of trades,Taker buy base asset volume,Taker buy quote asset volume
2019-12-30 19:00:00.000,0.01816100,0.01830300,0.01812000,0.01821400,38596.53700000,2019-12-31 06:59:59.999,702.40052805,40246,20176.51500000,367.22789911
2019-12-31 07:00:00.000,0.01821600,0.01826200,0.01786700,0.01795300,59552.84900000,2019-12-31 18:59:59.999,1074.20233905,56942,27687.89200000,499.55414639
2019-12-31 19:00:00.000,0.01795400,0.01823600,0.01792000,0.01816500,30629.79000000,2020-01-01 06:59:59.999,553.49099402,39354,15537.70900000,280.79326543
2020-01-01 07:00:00.000,0.01816500,0.01835600,0.01805000,0.01815000,38487.77800000,2020-01-01 18:59:59.999,701.06497098,44750,19199.88800000,349.81774547
2020-01-01 19:00:00.000,0.01815200,0.01820900,0.01801000,0.01813900,30391.28300000,2020-01-02 06:59:59.999,550.77515963,36432,14362.62000000,260.31200234
2020-01-02 07:00:00.000,0.01814600,0.01831900,0.01796500,0.01825600,49054.62500000,2020-01-02 18:59:59.999,892.68278991,48541,24934.57800000,453.75468154
2020-01-02 19:00:00.000,0.01825700,0.01834100,0.01780000,0.01805000,92804.01100000,2020-01-03 06:59:59.999,1676.45849731,71047,42607.52100000,769.51614701
2020-01-03 07:00:00.000,0.01805000,0.01842500,0.01802700,0.01829700,58273.83600000,2020-01-03 18:59:59.999,1059.36237252,58825,29351.90600000,533.63105052
2020-01-03 19:00:00.000,0.01829800,0.01836000,0.01816900,0.01823000,32421.80500000,2020-01-04 06:59:59.999,590.98362165,40377,15736.77400000,286.87777139
2020-01-04 07:00:00.000,0.01823100,0.01836000,0.01814000,0.01824800,51855.35300000,2020-01-04 18:59:59.999,945.65793985,45488,29030.03600000,529.33649737
2020-01-04 19:00:00.000,0.01824700,0.01831400,0.01815200,0.01819700,46048.86900000,2020-01-05 06:59:59.999,839.09677303,42460,24842.58300000,452.69086045
2020-01-05 07:00:00.000,0.01819700,0.01856500,0.01818600,0.01840000,61948.33300000,2020-01-05 18:59:59.999,1139.66670177,55117,30409.69300000,559.54589857
2020-01-05 19:00:00.000,0.01840000,0.01888300,0.01833700,0.01875400,63447.50600000,2020-01-06 06:59:59.999,1179.29860270,60814,33940.74500000,630.91640676
2020-01-06 07:00:00.000,0.01875400,0.01890000,0.01849000,0.01857600,80564.63100000,2020-01-06 18:59:59.999,1506.27495540,68434,42994.46300000,803.75960313
2020-01-06 19:00:00.000,0.01857700,0.01858600,0.01804300,0.01806200,70718.31700000,2020-01-07 06:59:59.999,1285.96174518,63583,36655.60500000,666.48435340
2020-01-07 07:00:00.000,0.01806100,0.01806200,0.01751500,0.01752800,96819.22600000,2020-01-07 18:59:59.999,1725.28257399,88212,49209.98900000,877.00521063
2020-01-07 19:00:00.000,0.01752800,0.01752900,0.01720500,0.01722300,91628.80100000,2020-01-08 06:59:59.999,1591.10307677,82726,44289.47100000,769.09535322
2020-01-08 07:00:00.000,0.01722200,0.01753000,0.01695800,0.01747200,101014.46300000,2020-01-08 18:59:59.999,1738.68101314,94488,47456.50100000,816.77669390
2020-01-08 19:00:00.000,0.01747200,0.01768000,0.01747100,0.01754500,54694.08700000,2020-01-09 06:59:59.999,961.23444729,56759,27064.34900000,475.62844477
2020-01-09 07:00:00.000,0.01754500,0.01770500,0.01731900,0.01761800,67777.38400000,2020-01-09 18:59:59.999,1185.37909895,66637,34133.62200000,596.88671089
2020-01-09 19:00:00.000,0.01762000,0.01773000,0.01745500,0.01765200,55650.43700000,2020-01-10 06:59:59.999,978.80073822,52863,25342.30400000,445.90874469
2020-01-10 07:00:00.000,0.01765200,0.01797000,0.01752500,0.01767500,100145.87900000,2020-01-10 18:59:59.999,1772.89217232,88545,49481.91000000,876.26155774
2020-01-10 19:00:00.000,0.01767200,0.01779500,0.01750300,0.01772600,50288.39000000,2020-01-11 06:59:59.999,887.32560121,60483,25098.58300000,442.79691083
2020-01-11 07:00:00.000,0.01772600,0.01806100,0.01765000,0.01775300,68739.14300000,2020-01-11 18:59:59.999,1225.72846430,71534,33010.25600000,588.83832204
2020-01-11 19:00:00.000,0.01775300,0.01792700,0.01765300,0.01768200,49607.09900000,2020-01-12 06:59:59.999,883.21741871,48021,26956.69100000,479.99865017
2020-01-12 07:00:00.000,0.01768200,0.01790900,0.01762500,0.01790600,42265.18500000,2020-01-12 18:59:59.999,750.22340151,48924,23600.74900000,418.93891431
2020-01-12 19:00:00.000,0.01790400,0.01794500,0.01757000,0.01767900,47611.60700000,2020-01-13 06:59:59.999,843.50729556,50234,23760.33300000,420.93903138
2020-01-13 07:00:00.000,0.01768200,0.01777000,0.01764100,0.01770300,42193.14200000,2020-01-13 18:59:59.999,746.61350784,45086,22107.20100000,391.24242027
2020-01-13 19:00:00.000,0.01770400,0.01779800,0.01736400,0.01776800,108948.26600000,2020-01-14 06:59:59.999,1912.69640861,92523,49446.15500000,867.80518934
2020-01-14 07:00:00.000,0.01776900,0.01932400,0.01774700,0.01879900,236587.35200000,2020-01-14 18:59:59.999,4357.85042549,180813,120199.17600000,2215.89045352
2020-01-14 19:00:00.000,0.01879900,0.01945000,0.01851500,0.01883400,150276.12400000,2020-01-15 06:59:59.999,2844.60066871,143901,74765.88600000,1415.41336354
2020-01-15 07:00:00.000,0.01883800,0.01898700,0.01841200,0.01887000,96007.28200000,2020-01-15 18:59:59.999,1799.90615350,109434,50309.06200000,943.34656694
2020-01-15 19:00:00.000,0.01886400,0.01890000,0.01840100,0.01880100,76766.19500000,2020-01-16 06:59:59.999,1429.21278065,88451,36479.19800000,679.34888654
2020-01-16 07:00:00.000,0.01880100,0.01894600,0.01851000,0.01882900,72484.70300000,2020-01-16 18:59:59.999,1359.29426501,78976,37714.95200000,707.23866024
2020-01-16 19:00:00.000,0.01882700,0.01942500,0.01868700,0.01909000,108875.47500000,2020-01-17 06:59:59.999,2073.88298081,97298,55573.13800000,1058.69495535
2020-01-17 07:00:00.000,0.01909200,0.01942000,0.01880600,0.01906400,106412.52100000,2020-01-17 18:59:59.999,2035.36072651,102380,52647.71900000,1007.35171134
2020-01-17 19:00:00.000,0.01906400,0.01933600,0.01873000,0.01903800,87254.33800000,2020-01-18 06:59:59.999,1665.35230803,82653,42271.93600000,807.27349265
2020-01-18 07:00:00.000,0.01903800,0.02003900,0.01900500,0.01952900,150422.50300000,2020-01-18 18:59:59.999,2958.16196457,122506,78934.40900000,1552.61434735
2020-01-18 19:00:00.000,0.01952900,0.01966800,0.01910000,0.01919800,116420.00600000,2020-01-19 06:59:59.999,2253.09819498,94048,59258.57000000,1147.43423051
2020-01-19 07:00:00.000,0.01919900,0.01929500,0.01887700,0.01917200,79956.67100000,2020-01-19 18:59:59.999,1526.11111644,81590,35226.72800000,672.64284911
2020-01-19 19:00:00.000,0.01917100,0.01920400,0.01888000,0.01892200,38557.68500000,2020-01-20 06:59:59.999,735.83705038,51085,19020.65700000,363.08835804
2020-01-20 07:00:00.000,0.01892200,0.01940800,0.01888200,0.01930600,58315.50600000,2020-01-20 18:59:59.999,1119.29054410,61445,28865.12700000,554.02584627
2020-01-20 19:00:00.000,0.01930700,0.01946600,0.01917900,0.01939900,48363.31600000,2020-01-21 06:59:59.999,934.89898622,49128,21974.37900000,424.80113476
2020-01-21 07:00:00.000,0.01939800,0.01953600,0.01927100,0.01939600,57900.25800000,2020-01-21 18:59:59.999,1122.57559781,57395,27324.19200000,529.81419596
2020-01-21 19:00:00.000,0.01939700,0.01953500,0.01927500,0.01940300,45743.77100000,2020-01-22 06:59:59.999,887.85666974,50050,21511.72900000,417.51268744
2020-01-22 07:00:00.000,0.01940200,0.01942700,0.01920400,0.01935700,36258.02700000,2020-01-22 18:59:59.999,701.58184275,47476,16285.09400000,315.13040026
2020-01-22 19:00:00.000,0.01935900,0.01939600,0.01911500,0.01931700,58040.96800000,2020-01-23 06:59:59.999,1116.74718991,52370,29157.94800000,561.03759679
2020-01-23 07:00:00.000,0.01931700,0.01953500,0.01912000,0.01937000,58643.07100000,2020-01-23 18:59:59.999,1134.08969058,61893,29461.93800000,569.72038833
2020-01-23 19:00:00.000,0.01937100,0.01942800,0.01883000,0.01909600,54498.05300000,2020-01-24 06:59:59.999,1039.96286955,59548,26465.25200000,504.94426591
2020-01-24 07:00:00.000,0.01909700,0.01935300,0.01900000,0.01926200,52583.01900000,2020-01-24 18:59:59.999,1006.86540671,57574,26395.54500000,505.52873318
2020-01-24 19:00:00.000,0.01926000,0.01929800,0.01898900,0.01915200,33675.18000000,2020-01-25 06:59:59.999,645.06383009,47195,15589.98400000,298.71643439
2020-01-25 07:00:00.000,0.01915200,0.01936200,0.01912000,0.01922600,26491.49500000,2020-01-25 18:59:59.999,509.99414588,40037,13298.99600000,256.05526925
2020-01-25 19:00:00.000,0.01922500,0.01936800,0.01916000,0.01923800,30156.42300000,2020-01-26 06:59:59.999,580.66931067,39928,14913.29600000,287.17052543
2020-01-26 07:00:00.000,0.01924200,0.01955300,0.01924200,0.01948900,48424.55800000,2020-01-26 18:59:59.999,939.15750484,57908,23753.71300000,460.67440996
2020-01-26 19:00:00.000,0.01948900,0.01953800,0.01921300,0.01929700,43720.82300000,2020-01-27 06:59:59.999,845.82081840,50048,20088.67000000,388.57801442
2020-01-27 07:00:00.000,0.01929600,0.01949100,0.01905000,0.01908900,67889.39100000,2020-01-27 18:59:59.999,1308.46152321,67814,32282.67500000,622.73681805
2020-01-27 19:00:00.000,0.01908800,0.01916700,0.01887000,0.01893300,71561.08500000,2020-01-28 06:59:59.999,1360.74130814,69015,35977.55700000,684.25860196
2020-01-28 07:00:00.000,0.01893400,0.01914100,0.01870500,0.01873500,76488.32800000,2020-01-28 18:59:59.999,1452.90093541,77024,36591.41000000,695.33675564
2020-01-28 19:00:00.000,0.01873200,0.01905900,0.01868000,0.01893300,60270.57500000,2020-01-29 06:59:59.999,1140.03822772,70651,29273.98200000,553.74436243
2020-01-29 07:00:00.000,0.01893500,0.01894900,0.01865200,0.01867500,40840.57100000,2020-01-29 18:59:59.999,769.39386115,57448,21396.72400000,403.14628837
2020-01-29 19:00:00.000,0.01867700,0.01881900,0.01850500,0.01876600,47961.77800000,2020-01-30 06:59:59.999,896.25769645,61114,23818.49100000,445.23405045
2020-01-30 07:00:00.000,0.01876600,0.01954400,0.01868800,0.01941100,106514.23600000,2020-01-30 18:59:59.999,2033.56130090,99911,50409.98600000,962.72872484
2020-01-30 19:00:00.000,0.01941200,0.01955000,0.01931900,0.01939100,58596.83800000,2020-01-31 06:59:59.999,1139.02099723,65621,31226.52100000,607.17269346
2020-01-31 07:00:00.000,0.01939000,0.01939800,0.01900100,0.01924300,66867.50800000,2020-01-31 18:59:59.999,1286.38792160,76802,35322.45500000,679.80044242
2020-01-31 19:00:00.000,0.01924400,0.01952400,0.01916800,0.01934100,50658.36100000,2020-02-01 06:59:59.999,980.95959402,63707,24919.49600000,482.68057706
2020-02-01 07:00:00.000,0.01933600,0.01958400,0.01931000,0.01956500,55435.70200000,2020-02-01 18:59:59.999,1080.42513134,62465,29564.72500000,576.30540707
2020-02-01 19:00:00.000,0.01956400,0.02035200,0.01943100,0.02032100,102302.58200000,2020-02-02 06:59:59.999,2037.86110930,92089,48958.62900000,975.59776690
2020-02-02 07:00:00.000,0.02032200,0.02043900,0.02007700,0.02018800,83424.00700000,2020-02-02 18:59:59.999,1691.83591078,76873,35363.71000000,717.24731783
2020-02-02 19:00:00.000,0.02018900,0.02041700,0.02012200,0.02029900,73431.21900000,2020-02-03 06:59:59.999,1489.98506480,71368,37034.86800000,751.46725811
2020-02-03 07:00:00.000,0.02030200,0.02053500,0.02017700,0.02042000,72123.96500000,2020-02-03 18:59:59.999,1466.61050215,68209,38984.70000000,792.73133702
2020-02-03 19:00:00.000,0.02041800,0.02050100,0.02013000,0.02035000,70054.73700000,2020-02-04 06:59:59.999,1421.28168567,75876,34800.63100000,706.11114772
2020-02-04 07:00:00.000,0.02034900,0.02057500,0.02028000,0.02054400,67175.16600000,2020-02-04 18:59:59.999,1373.01112273,72728,36232.32200000,740.32701086
2020-02-04 19:00:00.000,0.02054200,0.02100000,0.02046800,0.02097400,89545.86000000,2020-02-05 06:59:59.999,1850.04733748,86192,40641.11700000,839.90622305
2020-02-05 07:00:00.000,0.02097300,0.02144000,0.02071100,0.02119900,115116.49100000,2020-02-05 18:59:59.999,2420.83079505,112890,55333.37200000,1163.54673492
2020-02-05 19:00:00.000,0.02120000,0.02185700,0.02107300,0.02169700,117053.60900000,2020-02-06 06:59:59.999,2518.00012903,97497,56552.41100000,1215.92200500
2020-02-06 07:00:00.000,0.02169700,0.02197600,0.02131100,0.02181500,127811.08700000,2020-02-06 18:59:59.999,2781.36219907,121606,64989.73100000,1414.02170128
2020-02-06 19:00:00.000,0.02181600,0.02282500,0.02181000,0.02247500,156525.31300000,2020-02-07 06:59:59.999,3502.06463467,114390,74716.94800000,1671.58923414
2020-02-07 07:00:00.000,0.02246700,0.02281200,0.02232000,0.02275700,107172.39500000,2020-02-07 18:59:59.999,2419.70348374,93654,53930.38400000,1217.77636485
2020-02-07 19:00:00.000,0.02276500,0.02315600,0.02208200,0.02306200,138974.78900000,2020-02-08 06:59:59.999,3151.27998217,115862,69298.32500000,1571.62570046
2020-02-08 07:00:00.000,0.02306300,0.02311300,0.02244800,0.02253700,113981.30500000,2020-02-08 18:59:59.999,2599.19428329,95590,58618.04200000,1336.33829923
2020-02-08 19:00:00.000,0.02254100,0.02286500,0.02247000,0.02256600,91257.87300000,2020-02-09 06:59:59.999,2067.33091885,79172,42593.68400000,964.72545855
2020-02-09 07:00:00.000,0.02256600,0.02260300,0.02229700,0.02251500,79632.21900000,2020-02-09 18:59:59.999,1789.25332239,81727,41474.31900000,931.97300239
2020-02-09 19:00:00.000,0.02251300,0.02253000,0.02206300,0.02225600,111161.67000000,2020-02-10 06:59:59.999,2483.35772388,99657,54077.57000000,1208.41987681
2020-02-10 07:00:00.000,0.02226100,0.02281200,0.02221300,0.02262500,106925.68300000,2020-02-10 18:59:59.999,2411.71847753,95116,55283.92800000,1246.55507865
2020-02-10 19:00:00.000,0.02262600,0.02272100,0.02241200,0.02271200,68029.90200000,2020-02-11 06:59:59.999,1533.18637749,73980,31840.06900000,717.72028658
2020-02-11 07:00:00.000,0.02271200,0.02329900,0.02235200,0.02315300,180803.70100000,2020-02-11 18:59:59.999,4134.48149445,140311,87620.35000000,2004.41939832
2020-02-11 19:00:00.000,0.02315400,0.02487100,0.02314300,0.02471900,188953.56300000,2020-02-12 06:59:59.999,4567.34423104,152085,98878.12000000,2389.42245122
2020-02-12 07:00:00.000,0.02471900,0.02650000,0.02450100,0.02573300,236029.08000000,2020-02-12 18:59:59.999,6014.07125091,189891,119630.06600000,3048.76905061
2020-02-12 19:00:00.000,0.02573200,0.02639300,0.02513000,0.02588200,216639.75900000,2020-02-13 06:59:59.999,5598.59033161,168597,110208.82400000,2849.34689953
2020-02-13 07:00:00.000,0.02588400,0.02684900,0.02576500,0.02623100,172881.47700000,2020-02-13 18:59:59.999,4535.17798109,144298,85971.80600000,2255.06662794
2020-02-13 19:00:00.000,0.02623100,0.02660100,0.02574400,0.02637400,129974.19100000,2020-02-14 06:59:59.999,3399.79948864,101629,60707.72800000,1587.14610427
2020-02-14 07:00:00.000,0.02638600,0.02774300,0.02627500,0.02757200,184212.41300000,2020-02-14 18:59:59.999,4985.14341185,143098,91103.54500000,2466.18488964
2020-02-14 19:00:00.000,0.02757200,0.02784400,0.02717800,0.02752200,166488.53500000,2020-02-15 06:59:59.999,4576.03094222,121827,84028.68600000,2309.38819690
2020-02-15 07:00:00.000,0.02752200,0.02770200,0.02658500,0.02674300,229361.37700000,2020-02-15 18:59:59.999,6229.91110736,191441,109649.06200000,2978.44632675
2020-02-15 19:00:00.000,0.02674200,0.02739000,0.02617700,0.02680100,111620.30900000,2020-02-16 06:59:59.999,3012.79433006,123872,55795.26700000,1507.03960805
2020-02-16 07:00:00.000,0.02680100,0.02694500,0.02455000,0.02610500,255395.83500000,2020-02-16 18:59:59.999,6613.76798098,206022,115421.52500000,2990.73395705
2020-02-16 19:00:00.000,0.02611000,0.02628100,0.02488000,0.02583200,179791.93100000,2020-02-17 06:59:59.999,4595.72234744,140292,87626.98500000,2240.01834441
2020-02-17 07:00:00.000,0.02583600,0.02765800,0.02562600,0.02760000,166858.20200000,2020-02-17 18:59:59.999,4437.37318909,142883,84747.73800000,2255.04005282
2020-02-17 19:00:00.000,0.02760000,0.02788500,0.02710300,0.02756900,154984.82000000,2020-02-18 06:59:59.999,4262.08214277,120896,80043.95600000,2201.47253868
2020-02-18 07:00:00.000,0.02757000,0.02850000,0.02695300,0.02780000,206842.78000000,2020-02-18 18:59:59.999,5764.83357652,152395,103515.30100000,2885.65414714
2020-02-18 19:00:00.000,0.02780000,0.02784800,0.02737400,0.02773200,93469.64000000,2020-02-19 06:35:32.175,2581.59548679,83765,46937.97900000,1296.52792077
2020-02-19 07:00:00.000,0.02772000,0.02811200,0.02667800,0.02693600,132737.33300000,2020-02-19 18:59:59.999,3612.44195086,114541,68772.86600000,1872.72493060
2020-02-19 19:00:00.000,0.02693700,0.02741200,0.02636600,0.02649500,113053.26400000,2020-02-20 06:59:59.999,3056.62381673,100693,58964.31200000,1594.57968005
2020-02-20 07:00:00.000,0.02649100,0.02716400,0.02591500,0.02677900,151404.64300000,2020-02-20 18:59:59.999,4027.32012282,138050,72142.10400000,1919.74076348
2020-02-20 19:00:00.000,0.02678100,0.02711800,0.02650200,0.02700800,86760.57200000,2020-02-21 06:59:59.999,2335.06549804,78956,43925.56200000,1182.32686781
2020-02-21 07:00:00.000,0.02700800,0.02754900,0.02700800,0.02740500,91570.36500000,2020-02-21 18:59:59.999,2497.99414028,81981,42469.90300000,1158.46196688
2020-02-21 19:00:00.000,0.02740800,0.02749500,0.02677500,0.02717900,60837.14300000,2020-02-22 06:59:59.999,1647.63747486,54090,30360.79800000,822.32931186
2020-02-22 07:00:00.000,0.02717400,0.02734400,0.02690500,0.02710100,54027.54000000,2020-02-22 18:59:59.999,1464.90767327,51025,28998.40300000,786.18821683
2020-02-22 19:00:00.000,0.02709600,0.02765100,0.02700300,0.02729200,83970.58100000,2020-02-23 06:59:59.999,2295.89218602,57491,36516.78000000,998.36242581
2020-02-23 07:00:00.000,0.02729100,0.02764300,0.02728200,0.02761900,57510.83600000,2020-02-23 18:59:59.999,1577.86513748,52320,29864.91000000,819.41764438
2020-02-23 19:00:00.000,0.02762800,0.02778600,0.02728000,0.02772000,82748.60500000,2020-02-24 06:59:59.999,2276.28944587,61467,44190.00900000,1215.66169475
2020-02-24 07:00:00.000,0.02772600,0.02779900,0.02707900,0.02750900,108512.43600000,2020-02-24 18:59:59.999,2983.14051014,78859,57068.24200000,1568.52090752
2020-02-24 19:00:00.000,0.02750900,0.02753900,0.02683300,0.02727000,79399.70800000,2020-02-25 06:59:59.999,2157.10059461,64990,38958.83600000,1058.85422008
2020-02-25 07:00:00.000,0.02726400,0.02739900,0.02642300,0.02648800,109987.65100000,2020-02-25 18:59:59.999,2950.57736478,85943,52029.27000000,1396.27818577
2020-02-25 19:00:00.000,0.02647500,0.02670000,0.02569900,0.02573400,132357.49200000,2020-02-26 06:59:59.999,3449.37690987,84897,66621.94000000,1735.96715747
2020-02-26 07:00:00.000,0.02573400,0.02629900,0.02480000,0.02548900,211650.81700000,2020-02-26 18:59:59.999,5408.18322683,124880,104778.40200000,2678.12984708
2020-02-26 19:00:00.000,0.02548700,0.02614100,0.02456600,0.02574900,173598.50300000,2020-02-27 06:59:59.999,4392.20224937,103319,86522.43600000,2192.13056116
2020-02-27 07:00:00.000,0.02574900,0.02663100,0.02559000,0.02580500,144045.93500000,2020-02-27 18:59:59.999,3763.15519641,90197,73938.62600000,1931.84970529
2020-02-27 19:00:00.000,0.02581300,0.02637000,0.02536000,0.02568400,110651.52800000,2020-02-28 06:59:59.999,2855.31269756,75422,56438.31800000,1457.68743285
2020-02-28 07:00:00.000,0.02568900,0.02627300,0.02527000,0.02608800,96166.17300000,2020-02-28 18:59:59.999,2488.04391438,72883,48226.33900000,1248.08773049
2020-02-28 19:00:00.000,0.02608700,0.02659300,0.02576700,0.02601900,74013.63400000,2020-02-29 06:59:59.999,1937.92712829,60645,40057.24500000,1049.08472738
2020-02-29 07:00:00.000,0.02601500,0.02606500,0.02545700,0.02550500,55384.46400000,2020-02-29 18:59:59.999,1432.66123630,47751,29283.32500000,757.72509982
2020-02-29 19:00:00.000,0.02549800,0.02605400,0.02538800,0.02594700,75728.27800000,2020-03-01 06:59:59.999,1952.70397627,56815,37865.55100000,976.48159164
2020-03-01 07:00:00.000,0.02594000,0.02605000,0.02513900,0.02551000,85561.03100000,2020-03-01 18:59:59.999,2185.53354637,64267,41728.71400000,1065.52447894
2020-03-01 19:00:00.000,0.02552000,0.02579200,0.02540100,0.02566400,74162.02900000,2020-03-02 06:59:59.999,1897.20371329,51418,40181.66200000,1028.02148752
2020-03-02 07:00:00.000,0.02565900,0.02629900,0.02551800,0.02602900,95975.39800000,2020-03-02 18:59:59.999,2491.78818160,64629,48226.87600000,1252.21213442
2020-03-02 19:00:00.000,0.02603000,0.02614000,0.02577600,0.02608700,73906.72700000,2020-03-03 06:59:59.999,1917.76755920,49476,41156.29200000,1068.15267110
2020-03-03 07:00:00.000,0.02609500,0.02613800,0.02540900,0.02555500,80234.52500000,2020-03-03 18:59:59.999,2063.06701874,58353,38627.17400000,992.92264063
2020-03-03 19:00:00.000,0.02555600,0.02595200,0.02545000,0.02560800,68953.18100000,2020-03-04 06:59:59.999,1770.95982186,45560,35746.83300000,918.22247771
2020-03-04 07:00:00.000,0.02560800,0.02570000,0.02539100,0.02562700,59842.45900000,2020-03-04 18:59:59.999,1528.26598152,47971,30636.47600000,782.40589964
2020-03-04 19:00:00.000,0.02562700,0.02576500,0.02541100,0.02552000,82370.30800000,2020-03-05 06:59:59.999,2104.97769035,53881,38980.32200000,996.23496951
2020-03-05 07:00:00.000,0.02552100,0.02565800,0.02500800,0.02522100,77230.87200000,2020-03-05 18:59:59.999,1962.75588794,58493,36923.24000000,938.06363415
2020-03-05 19:00:00.000,0.02522100,0.02633100,0.02518800,0.02629800,98210.95200000,2020-03-06 06:59:59.999,2531.00716434,66297,50719.87000000,1306.83463094
2020-03-06 07:00:00.000,0.02629700,0.02684600,0.02601100,0.02682700,110668.46000000,2020-03-06 18:59:59.999,2907.89393617,63487,56258.79500000,1479.01685840
2020-03-06 19:00:00.000,0.02682000,0.02695000,0.02661200,0.02681100,90585.64900000,2020-03-07 06:59:59.999,2427.39981154,51204,44707.76000000,1197.93626915
2020-03-07 07:00:00.000,0.02681200,0.02749500,0.02664800,0.02669200,123732.51400000,2020-03-07 18:59:59.999,3339.30005109,79910,61803.62500000,1667.99584320
2020-03-07 19:00:00.000,0.02669200,0.02669500,0.02610600,0.02648700,87370.45800000,2020-03-08 07:59:59.999,2308.27334428,56101,45336.13000000,1197.87625339
2020-03-08 08:00:00.000,0.02648600,0.02651100,0.02445800,0.02481500,242041.00100000,2020-03-08 19:59:59.999,6181.31508840,136666,110333.85900000,2820.04895795
2020-03-08 20:00:00.000,0.02481800,0.02617200,0.02468100,0.02576800,177864.76000000,2020-03-09 07:59:59.999,4531.20579484,110598,90589.67100000,2308.40933596
2020-03-09 08:00:00.000,0.02576700,0.02607100,0.02485300,0.02557500,166800.32200000,2020-03-09 19:59:59.999,4228.91717090,99417,88311.91000000,2238.05560858
2020-03-09 20:00:00.000,0.02557200,0.02571700,0.02505700,0.02518200,103121.93600000,2020-03-10 07:59:59.999,2617.31919862,64180,52801.99600000,1340.16158110
2020-03-10 08:00:00.000,0.02518000,0.02562000,0.02509700,0.02542400,114561.39100000,2020-03-10 19:59:59.999,2901.68143830,70103,59807.83900000,1514.75629042
2020-03-10 20:00:00.000,0.02542400,0.02558100,0.02505400,0.02512500,71581.90400000,2020-03-11 07:59:59.999,1812.92601446,47849,37590.95900000,952.41101993
2020-03-11 08:00:00.000,0.02512400,0.02516300,0.02390000,0.02453200,142440.77400000,2020-03-11 19:59:59.999,3486.23831560,90460,74816.95900000,1831.71009549
2020-03-11 20:00:00.000,0.02452600,0.02457400,0.02099500,0.02251200,414322.11200000,2020-03-12 07:59:59.999,9449.60660479,236978,208337.86400000,4766.71384900
2020-03-12 08:00:00.000,0.02252800,0.02339400,0.02152200,0.02241000,518353.68000000,2020-03-12 19:59:59.999,11737.60382682,255232,259734.66600000,5882.79075190
2020-03-12 20:00:00.000,0.02241100,0.02536900,0.02180300,0.02362800,808628.60700000,2020-03-13 07:59:59.999,18952.90965048,425375,404128.41200000,9493.49719242
2020-03-13 08:00:00.000,0.02365100,0.02413500,0.02301100,0.02404800,588328.50800000,2020-03-13 19:59:59.999,13899.21646119,201438,297151.37100000,7025.41720162
2020-03-13 20:00:00.000,0.02405700,0.02443400,0.02361700,0.02362600,233450.14800000,2020-03-14 07:59:59.999,5607.11286292,101757,111527.48900000,2680.42632112
2020-03-14 08:00:00.000,0.02362600,0.02395000,0.02346900,0.02367000,142839.92900000,2020-03-14 19:59:59.999,3390.06733388,78194,71511.65500000,1697.90483822
2020-03-14 20:00:00.000,0.02367100,0.02382200,0.02306500,0.02322300,142497.71200000,2020-03-15 07:59:59.999,3328.42751566,71410,68327.34600000,1596.19203955
2020-03-15 08:00:00.000,0.02321700,0.02362900,0.02221400,0.02308700,187290.07900000,2020-03-15 19:59:59.999,4327.47845053,94279,97394.63900000,2251.79161789
2020-03-15 20:00:00.000,0.02308400,0.02330000,0.02201500,0.02278800,338072.08500000,2020-03-16 07:59:59.999,7676.44736395,147520,165900.66000000,3767.50670406
2020-03-16 08:00:00.000,0.02278400,0.02286900,0.02180400,0.02207600,238124.09000000,2020-03-16 19:59:59.999,5340.20661872,113940,114043.07000000,2559.15642224
2020-03-16 20:00:00.000,0.02207600,0.02257000,0.02196800,0.02201700,147698.13200000,2020-03-17 07:59:59.999,3271.35489182,71649,75594.97100000,1674.67535764
2020-03-17 08:00:00.000,0.02202200,0.02226100,0.02155600,0.02177100,124381.13200000,2020-03-17 19:59:59.999,2732.06534617,58728,61999.92600000,1361.58798493
2020-03-17 20:00:00.000,0.02177100,0.02203000,0.02168000,0.02193900,142092.38900000,2020-03-18 07:59:59.999,3104.57103511,55866,81848.40700000,1788.37354869
2020-03-18 08:00:00.000,0.02194000,0.02198900,0.02159900,0.02189000,207347.72400000,2020-03-18 19:59:59.999,4519.19271313,69206,99998.11900000,2179.29997235
2020-03-18 20:00:00.000,0.02189300,0.02222000,0.02180800,0.02203800,200357.17600000,2020-03-19 07:59:59.999,4412.69483273,87823,97930.18100000,2157.96949856
2020-03-19 08:00:00.000,0.02203800,0.02235300,0.02156300,0.02212400,305018.96800000,2020-03-19 19:59:59.999,6705.11263351,131685,154981.27100000,3410.29714241
2020-03-19 20:00:00.000,0.02212000,0.02277000,0.02171000,0.02187300,256761.69700000,2020-03-20 07:59:59.999,5676.73940889,120440,114683.43400000,2537.83838762
2020-03-20 08:00:00.000,0.02187300,0.02192200,0.02042700,0.02149800,231864.57000000,2020-03-20 19:59:59.999,4946.23965949,148314,112239.08700000,2395.33141431
2020-03-20 20:00:00.000,0.02149700,0.02157400,0.02111100,0.02134500,104691.35600000,2020-03-21 07:59:59.999,2241.18729189,63932,52749.23700000,1129.59757668
2020-03-21 08:00:00.000,0.02134000,0.02158200,0.02120500,0.02143400,105279.49400000,2020-03-21 19:59:59.999,2250.86765510,61800,56666.83800000,1212.51145400
2020-03-21 20:00:00.000,0.02143300,0.02152700,0.02119000,0.02127800,74238.50900000,2020-03-22 07:59:59.999,1584.25778900,40722,33503.35000000,714.99465823
2020-03-22 08:00:00.000,0.02126900,0.02133500,0.02081300,0.02102600,113633.20100000,2020-03-22 19:59:59.999,2394.39780814,72758,60219.86900000,1269.12095549
2020-03-22 20:00:00.000,0.02102900,0.02123600,0.02088000,0.02101600,74133.30500000,2020-03-23 07:59:59.999,1562.25988877,45289,37397.66000000,788.39156486
2020-03-23 08:00:00.000,0.02101100,0.02132700,0.02046000,0.02101000,159771.41900000,2020-03-23 19:59:59.999,3333.08188477,87623,76711.39800000,1601.78716358
2020-03-23 20:00:00.000,0.02101600,0.02113700,0.02046900,0.02089900,135060.74200000,2020-03-24 07:59:59.999,2807.63583862,75036,65320.73800000,1359.00685248
2020-03-24 08:00:00.000,0.02090000,0.02093700,0.02051100,0.02052900,96507.70200000,2020-03-24 19:59:59.999,1996.96666234,56749,47539.13100000,984.14267209
2020-03-24 20:00:00.000,0.02052600,0.02108300,0.02039200,0.02059500,133052.65300000,2020-03-25 07:59:59.999,2749.82558401,63536,65915.60400000,1362.57985320
2020-03-25 08:00:00.000,0.02059600,0.02061600,0.02030200,0.02037700,93973.07000000,2020-03-25 19:59:59.999,1920.04506835,51540,45704.85900000,934.09175573
2020-03-25 20:00:00.000,0.02037700,0.02053300,0.02027100,0.02038500,80437.73700000,2020-03-26 07:59:59.999,1641.00627646,45586,37347.46100000,761.88972503
2020-03-26 08:00:00.000,0.02038000,0.02065500,0.02019100,0.02054600,115398.32200000,2020-03-26 19:59:59.999,2348.32653677,69527,60404.92700000,1229.59699859
2020-03-26 20:00:00.000,0.02054800,0.02071100,0.02038200,0.02050400,111837.25300000,2020-03-27 07:59:59.999,2292.86134881,51015,45926.46100000,941.99651361
2020-03-27 08:00:00.000,0.02050400,0.02077700,0.02029900,0.02064800,96420.32700000,2020-03-27 19:59:59.999,1979.49695176,48392,42082.55200000,864.32334373
2020-03-27 20:00:00.000,0.02064700,0.02081700,0.02052100,0.02052200,135212.52200000,2020-03-28 07:59:59.999,2792.20953664,52934,67461.43200000,1393.10923445
2020-03-28 08:00:00.000,0.02052200,0.02135000,0.02050600,0.02099600,135215.72000000,2020-03-28 19:59:59.999,2809.65337490,54054,74267.69100000,1543.95992589
2020-03-28 20:00:00.000,0.02099700,0.02125000,0.02087600,0.02104300,56932.62900000,2020-03-29 07:59:59.999,1196.24858834,29708,25179.42800000,529.15416695
2020-03-29 08:00:00.000,0.02104400,0.02127400,0.02086800,0.02115800,95007.68600000,2020-03-29 19:59:59.999,2003.46040421,43149,48882.26200000,1031.04849791
2020-03-29 20:00:00.000,0.02115800,0.02129900,0.02077700,0.02099600,120835.62700000,2020-03-30 07:59:59.999,2535.30017231,47379,55783.13800000,1170.85633547
2020-03-30 08:00:00.000,0.02099600,0.02104000,0.02046000,0.02065700,113933.72300000,2020-03-30 19:59:59.999,2361.71373571,49195,51602.68500000,1069.25084529
2020-03-30 20:00:00.000,0.02065900,0.02068000,0.02040600,0.02064200,83911.17900000,2020-03-31 07:59:59.999,1723.69610815,43714,43261.61000000,889.00286920
2020-03-31 08:00:00.000,0.02064800,0.02085100,0.02049100,0.02070400,83811.15300000,2020-03-31 19:59:59.999,1732.21053816,34487,39910.49000000,825.47197037
2020-03-31 20:00:00.000,0.02070600,0.02101100,0.02069300,0.02101100,79859.10900000,2020-04-01 07:59:59.999,1671.09693379,33516,41655.11500000,871.55513955
2020-04-01 08:00:00.000,0.02101000,0.02115600,0.02039000,0.02042000,150694.68700000,2020-04-01 19:59:59.999,3129.70904817,53688,73100.70000000,1520.01304967
2020-04-01 20:00:00.000,0.02042200,0.02068900,0.02042000,0.02058400,69321.83800000,2020-04-02 07:59:59.999,1427.92670761,35980,28063.18900000,578.35210994
2020-04-02 08:00:00.000,0.02058400,0.02111200,0.02044500,0.02079700,223263.59900000,2020-04-02 19:59:59.999,4621.22236144,84745,110399.86900000,2287.56763290
2020-04-02 20:00:00.000,0.02079700,0.02100700,0.02075700,0.02086000,110323.85200000,2020-04-03 07:59:59.999,2303.24340332,41387,71523.23700000,1493.67374854
2020-04-03 08:00:00.000,0.02086500,0.02107700,0.02081100,0.02099000,98935.00300000,2020-04-03 19:59:59.999,2071.65403513,44877,49762.93300000,1042.31894638
2020-04-03 20:00:00.000,0.02099200,0.02105000,0.02081300,0.02102100,78057.48700000,2020-04-04 07:59:59.999,1634.18283600,36237,39593.94800000,829.19459002
2020-04-04 08:00:00.000,0.02102300,0.02122900,0.02085000,0.02101500,121276.68000000,2020-04-04 19:59:59.999,2554.05497229,42141,58533.63300000,1232.92198263
2020-04-04 20:00:00.000,0.02101500,0.02119900,0.02099400,0.02108400,48201.89800000,2020-04-05 07:59:59.999,1016.50851408,26993,23003.02400000,485.13598743
2020-04-05 08:00:00.000,0.02109100,0.02119300,0.02096600,0.02106300,64654.58100000,2020-04-05 19:59:59.999,1363.64408102,31164,29716.48100000,626.82575148
2020-04-05 20:00:00.000,0.02106800,0.02178100,0.02101300,0.02172700,180463.08300000,2020-04-06 07:59:59.999,3857.35077563,67249,85874.73900000,1835.24805581
2020-04-06 08:00:00.000,0.02173200,0.02344400,0.02162600,0.02337500,304910.96400000,2020-04-06 19:59:59.999,6877.80972293,114595,143717.67000000,3244.80374851
2020-04-06 20:00:00.000,0.02337700,0.02371700,0.02301000,0.02335100,246960.06900000,2020-04-07 07:59:59.999,5784.64554814,85664,116148.67800000,2720.11055812
2020-04-07 08:00:00.000,0.02335100,0.02347400,0.02274400,0.02287200,190394.99100000,2020-04-07 19:59:59.999,4417.89746534,77872,96659.79300000,2243.53189764
2020-04-07 20:00:00.000,0.02287200,0.02358800,0.02277200,0.02312900,151839.34900000,2020-04-08 07:59:59.999,3525.43824585,64118,72086.17200000,1672.99964776
2020-04-08 08:00:00.000,0.02313100,0.02353900,0.02309000,0.02351700,94105.09400000,2020-04-08 19:59:59.999,2196.45214689,44338,51119.70500000,1194.02326853
2020-04-08 20:00:00.000,0.02352000,0.02358400,0.02323000,0.02337700,81344.99300000,2020-04-09 07:59:59.999,1905.02071266,44386,39556.09000000,926.46460143
2020-04-09 08:00:00.000,0.02337500,0.02348600,0.02320900,0.02327500,78407.85800000,2020-04-09 19:59:59.999,1829.43462129,41416,44927.26300000,1048.51575809
2020-04-09 20:00:00.000,0.02328000,0.02334000,0.02242600,0.02288300,224683.34600000,2020-04-10 07:59:59.999,5160.12527406,85036,101774.76200000,2338.18720848
2020-04-10 08:00:00.000,0.02287900,0.02314700,0.02255100,0.02300300,129742.71700000,2020-04-10 19:59:59.999,2967.20753992,57260,64864.64200000,1483.37642882
2020-04-10 20:00:00.000,0.02300800,0.02326700,0.02293200,0.02310200,77677.32900000,2020-04-11 07:59:59.999,1795.46514921,34963,38503.43400000,890.06635835
2020-04-11 08:00:00.000,0.02310600,0.02312900,0.02274400,0.02302200,81467.50000000,2020-04-11 19:59:59.999,1869.47276813,33276,38181.59700000,876.59287534
2020-04-11 20:00:00.000,0.02302200,0.02312300,0.02283800,0.02307600,53017.51700000,2020-04-12 07:59:59.999,1219.69056801,26334,23408.02900000,538.64806138
2020-04-12 08:00:00.000,0.02307600,0.02321200,0.02281400,0.02297900,116480.91900000,2020-04-12 19:59:59.999,2680.94016886,48002,52392.58200000,1206.26283374
2020-04-12 20:00:00.000,0.02297700,0.02307300,0.02260000,0.02290900,153678.70500000,2020-04-13 07:59:59.999,3507.25333711,50700,72210.07000000,1649.12540900
2020-04-13 08:00:00.000,0.02290900,0.02311800,0.02270400,0.02285600,103260.06800000,2020-04-13 19:59:59.999,2364.52681942,37623,54127.24000000,1240.21041240
2020-04-13 20:00:00.000,0.02285600,0.02311400,0.02281800,0.02295200,64988.71000000,2020-04-14 07:59:59.999,1492.24963506,29460,30254.59800000,694.88520098
2020-04-14 08:00:00.000,0.02295400,0.02327300,0.02289500,0.02307200,106944.95000000,2020-04-14 19:59:59.999,2472.78737922,45327,51394.24400000,1188.63920339
2020-04-14 20:00:00.000,0.02306900,0.02332300,0.02285600,0.02325500,124503.05500000,2020-04-15 07:59:59.999,2881.26813477,37908,64621.53700000,1496.63088839
2020-04-15 08:00:00.000,0.02325500,0.02339400,0.02299600,0.02306700,144710.14100000,2020-04-15 19:59:59.999,3363.67803730,41838,73009.92400000,1697.25085883
2020-04-15 20:00:00.000,0.02306700,0.02473700,0.02288600,0.02420000,255680.86900000,2020-04-16 07:59:59.999,6059.60738472,95699,125973.39000000,2980.10967269
2020-04-16 08:00:00.000,0.02420100,0.02451600,0.02414200,0.02426200,146133.51100000,2020-04-16 19:59:59.999,3555.48792127,51438,64370.58700000,1566.64608114
2020-04-16 20:00:00.000,0.02426700,0.02433400,0.02387700,0.02393300,100959.60300000,2020-04-17 07:59:59.999,2436.61567417,38570,45400.16000000,1096.14729049
2020-04-17 08:00:00.000,0.02393400,0.02447900,0.02393400,0.02428500,90084.89000000,2020-04-17 19:59:59.999,2180.46823085,36191,49502.44700000,1197.91347769
2020-04-17 20:00:00.000,0.02428500,0.02454500,0.02427500,0.02450600,74880.97700000,2020-04-18 07:59:59.999,1828.52078790,31065,41832.59100000,1021.48885223
2020-04-18 08:00:00.000,0.02450600,0.02602800,0.02447300,0.02585500,221870.16300000,2020-04-18 19:59:59.999,5623.99665133,79981,119395.96100000,3028.28911184
2020-04-18 20:00:00.000,0.02585400,0.02599300,0.02516200,0.02553900,147937.52800000,2020-04-19 07:59:59.999,3791.70623832,52093,66424.55600000,1703.10045786
2020-04-19 08:00:00.000,0.02553800,0.02556300,0.02493100,0.02528200,133407.55400000,2020-04-19 19:59:59.999,3375.32289545,53872,63454.66200000,1607.08963731
2020-04-19 20:00:00.000,0.02527600,0.02586600,0.02516600,0.02523400,131228.30800000,2020-04-20 07:59:59.999,3344.57949298,51110,65972.51100000,1681.91506576
2020-04-20 08:00:00.000,0.02523400,0.02555500,0.02468100,0.02492800,194154.88000000,2020-04-20 19:59:59.999,4889.05361103,74323,91728.84400000,2310.97615646
2020-04-20 20:00:00.000,0.02492800,0.02530400,0.02481100,0.02489800,101042.93500000,2020-04-21 07:59:59.999,2528.94862561,40150,50843.42500000,1273.41620536
2020-04-21 08:00:00.000,0.02490900,0.02523200,0.02487500,0.02495500,92983.38000000,2020-04-21 19:59:59.999,2326.19493440,42723,47233.18000000,1181.97274509
2020-04-21 20:00:00.000,0.02495600,0.02529500,0.02489400,0.02523300,87999.70300000,2020-04-22 07:59:59.999,2212.51310917,33861,46057.26700000,1158.25555806
2020-04-22 08:00:00.000,0.02523400,0.02574100,0.02520900,0.02564700,132752.48900000,2020-04-22 19:59:59.999,3392.92813044,47921,62522.08600000,1597.77252531
2020-04-22 20:00:00.000,0.02564700,0.02602300,0.02534500,0.02573200,172286.92800000,2020-04-23 07:59:59.999,4426.37120735,56541,93618.92400000,2406.21181259
2020-04-23 08:00:00.000,0.02573300,0.02581300,0.02460000,0.02479500,244994.44500000,2020-04-23 19:59:59.999,6159.72534333,76183,103634.64600000,2607.16843691
2020-04-23 20:00:00.000,0.02479800,0.02510000,0.02475000,0.02484900,122817.23800000,2020-04-24 07:59:59.999,3064.41329684,41874,50918.37200000,1270.81303726
2020-04-24 08:00:00.000,0.02485000,0.02508600,0.02484400,0.02499000,92233.87300000,2020-04-24 19:59:59.999,2303.73439579,40316,45927.19400000,1147.18503502
2020-04-24 20:00:00.000,0.02499300,0.02593200,0.02491600,0.02569100,140288.21100000,2020-04-25 07:59:59.999,3594.14414187,55358,88382.12000000,2265.37698723
2020-04-25 08:00:00.000,0.02569100,0.02584500,0.02549900,0.02576300,75391.17700000,2020-04-25 19:59:59.999,1938.97478407,44465,36211.06000000,931.28479437
2020-04-25 20:00:00.000,0.02576300,0.02585200,0.02555000,0.02569900,62513.46700000,2020-04-26 07:59:59.999,1608.12367041,33725,31815.50100000,818.41706584
2020-04-26 08:00:00.000,0.02569700,0.02596700,0.02550500,0.02565900,95058.04700000,2020-04-26 19:59:59.999,2445.40769525,48908,44726.55800000,1151.10604093
2020-04-26 20:00:00.000,0.02566400,0.02569700,0.02532800,0.02538500,102653.10700000,2020-04-27 07:59:59.999,2615.79138313,45697,55972.23000000,1426.14986458
2020-04-27 08:00:00.000,0.02538500,0.02542400,0.02487500,0.02525900,126287.86000000,2020-04-27 19:59:59.999,3178.18377557,48654,65311.54100000,1644.54020019
2020-04-27 20:00:00.000,0.02525200,0.02544300,0.02510100,0.02535400,96202.24400000,2020-04-28 07:59:59.999,2429.58187865,37312,43332.61800000,1094.88301170
2020-04-28 08:00:00.000,0.02535400,0.02549300,0.02527400,0.02536100,80176.36100000,2020-04-28 19:59:59.999,2034.76657783,35012,37218.15500000,944.68987546
2020-04-28 20:00:00.000,0.02536000,0.02600000,0.02528800,0.02553100,177447.62100000,2020-04-29 07:59:59.999,4555.70780790,65159,98330.92200000,2526.87627586
2020-04-29 08:00:00.000,0.02552600,0.02562900,0.02419900,0.02453400,273571.79300000,2020-04-29 19:59:59.999,6813.15627815,115178,117480.70600000,2926.96223833
2020-04-29 20:00:00.000,0.02453600,0.02466300,0.02361900,0.02395900,257303.22100000,2020-04-30 07:59:59.999,6213.88650217,110260,122826.87300000,2965.09727645
2020-04-30 08:00:00.000,0.02395400,0.02427400,0.02361000,0.02389500,119411.27700000,2020-04-30 19:59:59.999,2857.76883492,71374,66039.20700000,1580.53806192
2020-04-30 20:00:00.000,0.02389800,0.02436700,0.02388800,0.02393000,110339.61000000,2020-05-01 07:59:59.999,2663.71183700,62415,55557.15900000,1341.05596019
